,City_ID,City,Cloudiness,Country,Date,Date Converted,Humidity,Lat,Lng,Max Temp,Wind Speed
0,3883457,Lebu,85,CL,1666723213,2022-10-25 18:40:13,77,-37.6167,-73.65,58.46,13.62
1,2122090,Pevek,12,RU,1666723215,2022-10-25 18:40:15,91,69.7008,170.3133,0.32,7.38
2,3369157,Cape Town,20,ZA,1666723014,2022-10-25 18:36:54,86,-33.9258,18.4232,64.11,18.41
3,3423146,Ilulissat,75,GL,1666723216,2022-10-25 18:40:16,93,69.2167,-51.1,28.42,3.44
4,964420,Port Elizabeth,20,ZA,1666723024,2022-10-25 18:37:04,81,-33.918,25.5701,64.09,12.66
5,1733953,Lahad Datu,100,MY,1666723217,2022-10-25 18:40:17,93,5.0268,118.327,75.92,3.58
6,6165406,Thompson,100,CA,1666723217,2022-10-25 18:40:17,86,55.7435,-97.8558,28.56,11.5
7,3833367,Ushuaia,0,AR,1666723218,2022-10-25 18:40:18,49,-54.8,-68.3,47.82,6.91
8,4032243,Vaini,75,TO,1666723030,2022-10-25 18:37:10,68,-21.2,-175.2,69.96,9.22
9,2022572,Khatanga,88,RU,1666723219,2022-10-25 18:40:19,97,71.9667,102.5,6.66,7.58
10,4030556,Rikitea,14,PF,1666723033,2022-10-25 18:37:13,75,-23.1203,-134.9692,72.81,19.3
11,3138076,Snåase,100,NO,1666723221,2022-10-25 18:40:21,94,64.2457,12.3778,45.81,3.29
12,2074865,Carnarvon,0,AU,1666722900,2022-10-25 18:35:00,68,-24.8667,113.6333,64.76,24.11
13,3418910,Upernavik,100,GL,1666723224,2022-10-25 18:40:24,94,72.7868,-56.1549,23.97,12.46
14,6170031,Tuktoyaktuk,75,CA,1666722957,2022-10-25 18:35:57,92,69.4541,-133.0374,12.2,4.61
15,3357247,Gobabis,89,NA,1666723225,2022-10-25 18:40:25,14,-22.45,18.9667,82.87,14.16
16,5122534,Jamestown,0,US,1666723226,2022-10-25 18:40:26,43,42.097,-79.2353,76.59,9.22
17,2242885,Camabatela,75,AO,1666723227,2022-10-25 18:40:27,93,-8.1881,15.375,65.64,1.79
18,4020109,Atuona,5,PF,1666723053,2022-10-25 18:37:33,75,-9.8,-139.0333,76.8,21.16
19,546105,Nikolskoye,100,RU,1666722996,2022-10-25 18:36:36,76,59.7035,30.7861,36.91,8.08
20,554830,Izhma,99,RU,1666723228,2022-10-25 18:40:28,99,65.0083,53.9113,20.34,3.85
21,3466704,Castro,0,BR,1666722859,2022-10-25 18:34:19,50,-24.7911,-50.0119,75.43,5.66
22,2112232,Kitaibaraki,100,JP,1666723229,2022-10-25 18:40:29,70,36.7833,140.75,53.15,18.77
23,2110227,Butaritari,33,KI,1666723230,2022-10-25 18:40:30,77,3.0707,172.7902,80.87,3.44
24,1513491,Yangi Marg`ilon,100,UZ,1666723230,2022-10-25 18:40:30,87,40.4272,71.7189,54.32,6.91
25,2121025,Srednekolymsk,100,RU,1666723231,2022-10-25 18:40:31,95,67.45,153.6833,8.76,10.89
26,1061412,Mananara,18,MG,1666723231,2022-10-25 18:40:31,87,-16.1667,49.7667,69.96,4.36
27,3894426,Coyhaique,75,CL,1666723019,2022-10-25 18:36:59,62,-45.5752,-72.0662,57.81,5.75
28,5880054,Barrow,100,US,1666723232,2022-10-25 18:40:32,86,71.2906,-156.7887,17.62,25.32
29,964432,Port Alfred,100,ZA,1666723232,2022-10-25 18:40:32,83,-33.5906,26.891,62.19,4.0
30,5969025,Haines Junction,6,CA,1666723234,2022-10-25 18:40:34,73,60.7522,-137.5108,19.35,4.61
31,2641434,Northam,100,GB,1666723235,2022-10-25 18:40:35,91,51.0333,-4.2167,59.61,20.33
32,4035715,Avarua,75,CK,1666723070,2022-10-25 18:37:50,68,-21.2078,-159.775,73.45,8.05
33,5855927,Hilo,40,US,1666723130,2022-10-25 18:38:50,76,19.7297,-155.09,81.1,5.75
34,3870243,Taltal,22,CL,1666723236,2022-10-25 18:40:36,63,-25.4,-70.4833,63.14,4.92
35,570508,Buy,8,RU,1666723237,2022-10-25 18:40:37,80,58.4786,41.53,30.96,1.23
36,2647356,Hastings,100,GB,1666723237,2022-10-25 18:40:37,86,50.8552,0.5729,61.52,17.0
37,2126123,Chokurdakh,100,RU,1666723023,2022-10-25 18:37:03,93,70.6333,147.9167,5.63,3.2
38,535839,Leshukonskoye,22,RU,1666723239,2022-10-25 18:40:39,91,64.8989,45.7622,29.97,6.08
39,2194098,Ahipara,76,NZ,1666723240,2022-10-25 18:40:40,82,-35.1667,173.1667,56.62,7.09
40,567183,Danilov,97,RU,1666723240,2022-10-25 18:40:40,72,58.1908,40.1717,34.7,1.92
41,2038665,Alihe,100,CN,1666723241,2022-10-25 18:40:41,92,50.5667,123.7167,33.12,5.23
42,2014624,Udachny,37,RU,1666723241,2022-10-25 18:40:41,95,66.4167,112.4,6.33,6.82
43,2163355,Hobart,100,AU,1666723036,2022-10-25 18:37:16,96,-42.8794,147.3294,55.26,17.27
44,3680434,Ituango,100,CO,1666723243,2022-10-25 18:40:43,92,7.1712,-75.764,69.8,2.24
45,1106677,Bambous Virieux,40,MU,1666723244,2022-10-25 18:40:44,73,-20.3428,57.7575,73.22,12.66
46,2119283,Zyryanka,100,RU,1666723245,2022-10-25 18:40:45,94,65.75,150.85,12.67,8.99
47,2161515,Kiama,51,AU,1666723245,2022-10-25 18:40:45,87,-34.6833,150.8667,64.45,5.88
48,3448903,São João da Barra,10,BR,1666723246,2022-10-25 18:40:46,77,-21.6403,-41.0511,73.49,11.23
49,3874787,Punta Arenas,0,CL,1666723248,2022-10-25 18:40:48,47,-53.15,-70.9167,53.71,16.11
50,2109528,Buala,100,SB,1666723249,2022-10-25 18:40:49,83,-8.145,159.5921,79.21,4.27
51,3421982,Maniitsoq,29,GL,1666723250,2022-10-25 18:40:50,76,65.4167,-52.9,30.22,2.17
52,5106841,Albany,98,US,1666722998,2022-10-25 18:36:38,92,42.6001,-73.9662,69.42,4.0
53,1267776,Kargil,0,IN,1666723250,2022-10-25 18:40:50,44,34.5667,76.1,36.55,4.56
54,2264557,Ponta do Sol,85,PT,1666723251,2022-10-25 18:40:51,88,32.6667,-17.1,74.03,4.38
55,2236967,Soyo,75,AO,1666723071,2022-10-25 18:37:51,88,-6.1349,12.3689,77.97,7.9
56,3361934,Saldanha,5,ZA,1666723252,2022-10-25 18:40:52,89,-33.0117,17.9442,60.85,16.51
57,1015776,Bredasdorp,100,ZA,1666723016,2022-10-25 18:36:56,72,-34.5322,20.0403,62.01,9.69
58,6050066,La Ronge,100,CA,1666723063,2022-10-25 18:37:43,60,55.1001,-105.2842,34.05,5.75
59,1490256,Talnakh,93,RU,1666723254,2022-10-25 18:40:54,97,69.4865,88.3972,8.24,2.66
60,5557293,Sitka,20,US,1666723232,2022-10-25 18:40:32,87,57.0531,-135.33,40.89,4.61
61,3421319,Nuuk,75,GL,1666723226,2022-10-25 18:40:26,93,64.1835,-51.7216,34.41,4.61
62,5110365,Broome,100,US,1666723021,2022-10-25 18:37:01,76,42.2506,-75.833,71.15,8.05
63,2075265,Busselton,19,AU,1666723018,2022-10-25 18:36:58,86,-33.65,115.3333,51.76,1.81
64,1263504,Mārkāpur,3,IN,1666723255,2022-10-25 18:40:55,62,15.7333,79.2833,71.55,3.02
65,2206939,Bluff,100,NZ,1666723255,2022-10-25 18:40:55,79,-46.6,168.3333,40.8,9.6
66,2065594,Mount Isa,75,AU,1666723256,2022-10-25 18:40:56,94,-20.7333,139.5,73.17,14.97
67,6201424,Mataura,100,NZ,1666723256,2022-10-25 18:40:56,77,-46.1927,168.8643,40.48,3.0
68,2173911,Broken Hill,99,AU,1666723257,2022-10-25 18:40:57,67,-31.95,141.4333,61.18,2.21
69,1498161,Muzhi,94,RU,1666723258,2022-10-25 18:40:58,86,65.3667,64.6667,21.81,4.63
70,1529376,Korla,0,CN,1666723259,2022-10-25 18:40:59,43,41.7597,86.1469,48.78,0.92
71,5287262,Buckeye,0,US,1666723259,2022-10-25 18:40:59,20,33.3703,-112.5838,74.66,2.62
72,2178753,Kirakira,4,SB,1666723260,2022-10-25 18:41:00,85,-10.4544,161.9205,78.24,3.94
73,1637001,Biak,99,ID,1666723260,2022-10-25 18:41:00,83,-0.9131,122.8766,77.31,1.39
74,6185377,Yellowknife,100,CA,1666723219,2022-10-25 18:40:19,86,62.456,-114.3525,23.56,10.36
75,1259385,Port Blair,85,IN,1666723262,2022-10-25 18:41:02,81,11.6667,92.75,79.97,5.48
76,1493162,Salym,85,RU,1666723263,2022-10-25 18:41:03,78,60.0625,71.4789,31.26,8.21
77,1493268,Safakulevo,100,RU,1666723265,2022-10-25 18:41:05,68,54.9901,62.5442,32.81,10.02
78,2439155,Tanout,11,NE,1666723266,2022-10-25 18:41:06,17,14.9709,8.8879,85.77,13.38
79,2618795,Klaksvík,100,FO,1666723267,2022-10-25 18:41:07,93,62.2266,-6.589,50.92,10.76
80,3354077,Opuwo,5,NA,1666723268,2022-10-25 18:41:08,36,-18.0607,13.84,76.03,7.38
81,2094342,Kavieng,99,PG,1666723136,2022-10-25 18:38:56,77,-2.5744,150.7967,81.93,5.88
82,3374083,Bathsheba,75,BB,1666723270,2022-10-25 18:41:10,83,13.2167,-59.5167,81.21,19.57
83,934322,Mahébourg,40,MU,1666723271,2022-10-25 18:41:11,73,-20.4081,57.7,73.26,12.66
84,1502073,Krasnosel'kup,100,RU,1666722919,2022-10-25 18:35:19,98,65.7,82.4667,30.11,9.95
85,601551,Akdepe,91,TM,1666723272,2022-10-25 18:41:12,56,42.0551,59.3788,51.89,11.45
86,3146487,Raudeberg,100,NO,1666723273,2022-10-25 18:41:13,43,61.9875,5.1352,50.86,10.27
87,3471451,Arraial do Cabo,40,BR,1666723145,2022-10-25 18:39:05,73,-22.9661,-42.0278,76.96,12.66
88,1852357,Shimoda,100,JP,1666723274,2022-10-25 18:41:14,79,34.6667,138.95,55.11,20.69
89,655808,Joensuu,100,FI,1666723275,2022-10-25 18:41:15,93,62.6012,29.7632,32.49,8.05
90,2172797,Cairns,0,AU,1666723132,2022-10-25 18:38:52,90,-16.9167,145.7667,79.07,2.3
91,2084442,Vanimo,100,PG,1666723200,2022-10-25 18:40:00,89,-2.6741,141.3028,77.32,3.15
92,1337605,Mahibadhoo,98,MV,1666723276,2022-10-25 18:41:16,80,3.7833,72.9667,81.5,11.34
93,2028164,Deputatsky,100,RU,1666723277,2022-10-25 18:41:17,88,69.3,139.9,14.58,11.77
94,5563839,Fortuna,20,US,1666723278,2022-10-25 18:41:18,89,40.5982,-124.1573,53.92,4.61
95,4032369,Pangai,75,TO,1666723039,2022-10-25 18:37:19,46,-19.8,-174.35,73.51,12.66
96,5282297,Bethel,100,US,1666723280,2022-10-25 18:41:20,88,41.3712,-73.414,72.64,3.44
97,1688781,City of San Pedro,100,PH,1666723282,2022-10-25 18:41:22,95,14.35,121.0167,76.23,3.44
98,3366880,Hermanus,100,ZA,1666723040,2022-10-25 18:37:20,79,-34.4187,19.2345,59.81,11.72
99,1006984,East London,100,ZA,1666723020,2022-10-25 18:37:00,70,-33.0153,27.9116,66.69,16.26
100,962367,Richards Bay,69,ZA,1666723284,2022-10-25 18:41:24,91,-28.783,32.0377,71.53,16.91
101,2136825,Isangel,100,VU,1666723068,2022-10-25 18:37:48,88,-19.55,169.2667,71.71,1.14
102,89113,Ajdabiya,0,LY,1666723285,2022-10-25 18:41:25,79,30.7554,20.2263,71.74,15.23
103,2112309,Katsuura,100,JP,1666723286,2022-10-25 18:41:26,77,35.1333,140.3,56.23,26.46
104,2206874,Waipawa,12,NZ,1666723286,2022-10-25 18:41:26,73,-41.4122,175.5153,46.72,5.48
105,2132606,Samarai,25,PG,1666723182,2022-10-25 18:39:42,71,-10.6167,150.6667,80.02,5.39
106,2313762,Libenge,85,CD,1666723287,2022-10-25 18:41:27,95,3.65,18.6333,72.82,1.61
107,5795906,Graham,75,US,1666723288,2022-10-25 18:41:28,78,47.0529,-122.2943,52.36,12.66
108,1265888,Kovūr,0,IN,1666723288,2022-10-25 18:41:28,60,14.4833,79.9833,74.91,3.96
109,211647,Lodja,100,CD,1666723289,2022-10-25 18:41:29,95,-3.4833,23.4333,71.01,0.83
110,1788462,Xinzhi,100,CN,1666723290,2022-10-25 18:41:30,54,36.4989,111.7047,58.05,2.62
111,5895424,Bay Roberts,2,CA,1666723290,2022-10-25 18:41:30,65,47.5999,-53.2648,64.65,5.01
112,5546220,Saint George,0,US,1666723291,2022-10-25 18:41:31,35,37.1041,-113.5841,58.42,4.0
113,81604,Qaryat Sulūq,0,LY,1666723292,2022-10-25 18:41:32,76,31.6682,20.2521,70.81,9.51
114,779554,Honningsvåg,100,NO,1666723206,2022-10-25 18:40:06,75,70.9821,25.9704,35.35,18.41
115,1714733,Dingle,100,PH,1666723293,2022-10-25 18:41:33,93,10.9995,122.6711,76.06,4.81
116,2336237,Jega,36,NG,1666723294,2022-10-25 18:41:34,25,12.2175,4.3792,87.15,8.7
117,5843495,Worland,0,US,1666723050,2022-10-25 18:37:30,57,44.0169,-107.9554,48.6,6.91
118,3430863,Mar del Plata,0,AR,1666723048,2022-10-25 18:37:28,82,-38.0023,-57.5575,78.82,17.0
119,3374210,São Filipe,54,CV,1666723102,2022-10-25 18:38:22,80,14.8961,-24.4956,77.81,7.38
120,3893629,Coquimbo,75,CL,1666723296,2022-10-25 18:41:36,63,-29.9533,-71.3436,60.53,11.5
121,3465487,Coromandel,50,BR,1666723297,2022-10-25 18:41:37,21,-18.4733,-47.2003,89.04,6.8
122,6065592,Maple Creek,66,CA,1666723298,2022-10-25 18:41:38,65,49.9168,-109.4848,41.05,9.22
123,3652764,Puerto Ayora,82,EC,1666723048,2022-10-25 18:37:28,91,-0.7393,-90.3518,76.96,5.99
124,2070998,Geraldton,0,AU,1666723299,2022-10-25 18:41:39,87,-28.7667,114.6,50.41,6.91
125,5866583,Saint Paul Harbor,100,US,1666722899,2022-10-25 18:34:59,75,57.79,-152.4072,42.31,4.61
126,3831208,Qaanaaq,100,GL,1666723300,2022-10-25 18:41:40,92,77.484,-69.3632,24.19,3.51
127,5848280,Kapaa,40,US,1666722870,2022-10-25 18:34:30,81,22.0752,-159.319,81.1,16.11
128,2377457,Nouadhibou,5,MR,1666723301,2022-10-25 18:41:41,78,20.931,-17.0347,73.38,14.97
129,108410,Riyadh,0,SA,1666723202,2022-10-25 18:40:02,15,24.6877,46.7219,73.54,9.55
130,935215,Saint-Philippe,39,RE,1666723302,2022-10-25 18:41:42,81,-21.3585,55.7679,71.19,13.69
131,1497210,Novoagansk,78,RU,1666723302,2022-10-25 18:41:42,83,61.9449,76.6625,29.91,16.71
132,4036284,Alofi,77,NU,1666723303,2022-10-25 18:41:43,88,-19.0595,-169.9187,66.09,1.14
133,5045360,Saint Paul,100,US,1666723061,2022-10-25 18:37:41,65,44.9444,-93.0933,47.97,13.8
134,1651810,Airai,100,TL,1666723303,2022-10-25 18:41:43,93,-8.9266,125.4092,61.95,0.96
135,2063042,Port Hedland,0,AU,1666723304,2022-10-25 18:41:44,77,-20.3167,118.5667,66.25,8.05
136,2017155,Saskylakh,90,RU,1666723304,2022-10-25 18:41:44,100,71.9167,114.0833,-2.47,4.25
137,2126710,Beringovskiy,100,RU,1666723305,2022-10-25 18:41:45,85,63.05,179.3167,21.4,16.13
138,3981391,Tomatlán,78,MX,1666723128,2022-10-25 18:38:48,63,19.9333,-105.25,86.23,6.2
139,779683,Hammerfest,0,NO,1666723305,2022-10-25 18:41:45,69,70.6634,23.6821,32.45,3.44
140,2128975,Nemuro,6,JP,1666723306,2022-10-25 18:41:46,52,43.3236,145.575,44.53,2.93
141,3625710,Upata,98,VE,1666723306,2022-10-25 18:41:46,76,8.0086,-62.3989,90.19,3.18
142,1214488,Meulaboh,100,ID,1666723307,2022-10-25 18:41:47,89,4.1363,96.1285,76.93,4.05
143,2121385,Severo-Kuril'sk,5,RU,1666723095,2022-10-25 18:38:15,66,50.6789,156.125,37.29,7.78
144,2155415,New Norfolk,100,AU,1666723307,2022-10-25 18:41:47,84,-42.7826,147.0587,54.91,5.99
145,5367788,Lompoc,0,US,1666723308,2022-10-25 18:41:48,70,34.6391,-120.4579,71.94,11.5
146,5972291,Havre-St-Pierre,0,CA,1666723308,2022-10-25 18:41:48,67,50.2334,-63.5986,59.36,5.75
147,1791388,Wenzhou,96,CN,1666723309,2022-10-25 18:41:49,67,27.9994,120.6668,61.05,3.18
148,4034496,Fare,100,PF,1666723310,2022-10-25 18:41:50,82,-16.7,-151.0167,79.65,25.3
149,3939761,Hualmay,10,PE,1666723311,2022-10-25 18:41:51,69,-11.0964,-77.6139,66.87,10.98
150,1254046,Tura,61,IN,1666723312,2022-10-25 18:41:52,96,25.5198,90.2201,64.13,2.68
151,542334,Krasnogvardeyskoye,78,RU,1666723313,2022-10-25 18:41:53,54,45.8456,41.5186,51.01,7.34
152,2374583,Bubaque,7,GW,1666723314,2022-10-25 18:41:54,72,11.2833,-15.8333,85.28,11.88
153,319104,Çay,0,TR,1666723314,2022-10-25 18:41:54,47,38.5917,31.0286,53.89,4.05
154,2082539,Merauke,100,ID,1666723317,2022-10-25 18:41:57,85,-8.4667,140.3333,78.39,8.32
155,3453827,Pindobaçu,100,BR,1666723317,2022-10-25 18:41:57,62,-10.7417,-40.3608,80.71,8.88
156,2630299,Hofn,100,IS,1666723318,2022-10-25 18:41:58,80,64.2539,-15.2082,42.31,18.57
157,1507390,Dikson,100,RU,1666723318,2022-10-25 18:41:58,87,73.5069,80.5464,23.29,3.42
158,3580733,Bodden Town,20,KY,1666723167,2022-10-25 18:39:27,63,19.2833,-81.25,88.0,10.36
159,3628473,San Cristobal,100,VE,1666723319,2022-10-25 18:41:59,49,7.7669,-72.225,84.38,5.59
160,3018794,Fécamp,100,FR,1666723319,2022-10-25 18:41:59,66,49.7579,0.3746,62.31,16.24
161,2062276,Roebourne,0,AU,1666723050,2022-10-25 18:37:30,41,-20.7833,117.1333,73.83,8.95
162,2015306,Tiksi,100,RU,1666723064,2022-10-25 18:37:44,92,71.6872,128.8694,17.26,9.84
163,3443061,Chui,1,UY,1666723321,2022-10-25 18:42:01,65,-33.6971,-53.4616,67.71,13.06
164,5850554,Makakilo City,0,US,1666723321,2022-10-25 18:42:01,70,21.3469,-158.0858,80.44,17.27
165,3663517,Livramento,75,BR,1666723322,2022-10-25 18:42:02,89,-3.0254,-60.1803,79.48,2.3
166,4563811,Orocovis,100,PR,1666723322,2022-10-25 18:42:02,88,18.2271,-66.3917,83.32,1.59
167,1283334,Birin,58,NP,1666723323,2022-10-25 18:42:03,92,26.8865,88.0718,55.51,1.19
168,1785974,Yuci,0,CN,1666723324,2022-10-25 18:42:04,66,37.6803,112.7319,47.95,4.47
169,3404558,Cabedelo,100,BR,1666723325,2022-10-25 18:42:05,68,-6.9811,-34.8339,81.27,13.76
170,3355672,Lüderitz,100,NA,1666723032,2022-10-25 18:37:12,64,-26.6481,15.1594,64.4,16.8
171,6144312,Sept-Îles,75,CA,1666723326,2022-10-25 18:42:06,84,50.2001,-66.3821,52.32,5.75
172,2138555,Poum,28,NC,1666723327,2022-10-25 18:42:07,81,-20.2333,164.0167,75.47,9.01
173,1267390,Kavaratti,99,IN,1666723328,2022-10-25 18:42:08,61,10.5669,72.642,82.29,9.42
174,933995,Souillac,40,MU,1666723328,2022-10-25 18:42:08,73,-20.5167,57.5167,71.98,12.66
175,556268,Ostrovnoy,100,RU,1666723329,2022-10-25 18:42:09,81,68.0531,39.5131,30.99,16.35
176,3347019,Mossamedes,64,AO,1666723331,2022-10-25 18:42:11,82,-15.1961,12.1522,70.14,8.93
177,2036069,Linjiang,13,CN,1666723331,2022-10-25 18:42:11,76,41.8069,126.9078,35.2,2.91
178,2662689,Visby,0,SE,1666723332,2022-10-25 18:42:12,88,57.6409,18.296,55.62,13.8
179,3382160,Cayenne,40,GF,1666723333,2022-10-25 18:42:13,66,4.9333,-52.3333,87.84,13.8
180,2514651,Los Llanos de Aridane,40,ES,1666723139,2022-10-25 18:38:59,86,28.6585,-17.9182,69.55,1.14
181,301010,Seydişehir,0,TR,1666723335,2022-10-25 18:42:15,48,37.4193,31.8453,52.0,3.96
182,3893726,Constitución,66,CL,1666723335,2022-10-25 18:42:15,74,-35.3333,-72.4167,60.12,8.28
183,986717,Kruisfontein,100,ZA,1666723302,2022-10-25 18:41:42,78,-34.0033,24.7314,61.88,12.37
184,6148373,Sioux Lookout,75,CA,1666723337,2022-10-25 18:42:17,75,50.1001,-91.917,37.47,12.66
185,4513583,Hamilton,75,US,1666722808,2022-10-25 18:33:28,50,39.1834,-84.5333,76.66,18.41
186,3357804,Eenhana,21,NA,1666723338,2022-10-25 18:42:18,48,-17.4667,16.3333,75.4,5.59
187,1621313,Ambulu,100,ID,1666723339,2022-10-25 18:42:19,87,-8.345,113.6058,76.32,1.28
188,4738723,Uvalde,0,US,1666723340,2022-10-25 18:42:20,24,29.3669,-99.767,74.32,5.75
189,2629833,Husavik,100,IS,1666723340,2022-10-25 18:42:20,87,66.0449,-17.3389,35.56,6.76
190,3855065,General Roca,100,AR,1666723341,2022-10-25 18:42:21,26,-39.0333,-67.5833,77.97,7.02
191,1261396,Nilanga,0,IN,1666723342,2022-10-25 18:42:22,66,18.1,76.7667,66.7,5.19
192,3380290,Sinnamary,100,GF,1666723018,2022-10-25 18:36:58,68,5.3833,-52.95,84.34,10.6
193,779622,Havøysund,99,NO,1666723343,2022-10-25 18:42:23,57,70.9963,24.6622,35.83,6.24
194,6167817,Torbay,20,CA,1666723151,2022-10-25 18:39:11,70,47.6666,-52.7314,63.88,12.66
195,4540737,Lawton,0,US,1666723344,2022-10-25 18:42:24,35,34.6087,-98.3903,64.63,11.99
196,2655729,Bicester,0,GB,1666723346,2022-10-25 18:42:26,88,51.9,-1.1536,57.72,10.36
197,5811704,Spokane,75,US,1666723051,2022-10-25 18:37:31,74,47.6166,-117.3677,45.64,11.5
198,5983720,Iqaluit,100,CA,1666723347,2022-10-25 18:42:27,79,63.7506,-68.5145,20.93,18.41
199,1185095,Teknāf,23,BD,1666723347,2022-10-25 18:42:27,89,20.8624,92.3058,74.19,5.21
200,6137462,Saint-Augustin,50,CA,1666723349,2022-10-25 18:42:29,70,51.226,-58.6502,55.85,8.75
201,64814,Bandarbeyla,28,SO,1666723349,2022-10-25 18:42:29,75,9.4942,50.8122,78.28,3.96
202,2358100,Manga,17,BF,1666723350,2022-10-25 18:42:30,29,11.6636,-1.0731,86.49,4.43
203,2027316,Ayan,100,RU,1666723351,2022-10-25 18:42:31,57,56.45,138.1667,36.14,9.26
204,6255012,Flinders,62,AU,1666723351,2022-10-25 18:42:31,88,-34.5833,150.8552,64.26,4.0
205,3466165,Cidreira,0,BR,1666723352,2022-10-25 18:42:32,71,-30.1811,-50.2056,69.01,14.47
206,6111862,Port Hardy,75,CA,1666723326,2022-10-25 18:42:06,93,50.6996,-127.4199,44.78,5.75
207,103630,Najrān,5,SA,1666723352,2022-10-25 18:42:32,24,17.4924,44.1277,72.25,1.5
208,1220888,Obigarm,100,TJ,1666723353,2022-10-25 18:42:33,88,38.7173,69.7088,47.26,2.53
209,1718517,Caramay,100,PH,1666723353,2022-10-25 18:42:33,86,10.1815,119.236,78.62,3.09
210,5364271,Laguna,0,US,1666723354,2022-10-25 18:42:34,55,38.421,-121.4238,72.64,3.44
211,2027296,Aykhal,20,RU,1666723355,2022-10-25 18:42:35,94,66.0,111.5,12.96,14.94
212,5746545,Portland,100,US,1666722642,2022-10-25 18:30:42,93,45.5234,-122.6762,54.75,8.99
213,2012780,Zabaykal'sk,70,RU,1666723144,2022-10-25 18:39:04,44,49.6333,117.3167,30.15,12.84
214,4278890,Salina,0,US,1666723306,2022-10-25 18:41:46,41,38.8403,-97.6114,60.31,12.66
215,1701054,Marawi,87,PH,1666723357,2022-10-25 18:42:37,94,7.9986,124.2928,68.29,0.76
216,5004223,Oakland,75,US,1666723356,2022-10-25 18:42:36,49,42.6667,-83.3999,73.96,11.99
217,4013679,Coahuayana Viejo,98,MX,1666723358,2022-10-25 18:42:38,70,18.7333,-103.6833,85.82,6.49
218,3137469,Sørland,100,NO,1666723359,2022-10-25 18:42:39,65,67.667,12.6934,44.46,4.38
219,110690,Faya,27,SA,1666723360,2022-10-25 18:42:40,72,18.3851,42.4509,64.51,3.85
220,2025256,Chumikan,100,RU,1666723329,2022-10-25 18:42:09,97,54.7183,135.315,33.17,7.94
221,2057087,Kupang,100,ID,1666723362,2022-10-25 18:42:42,82,-10.1667,123.5833,79.43,4.45
222,2171099,Codrington,97,AU,1666723363,2022-10-25 18:42:43,97,-38.2667,141.9667,57.15,7.27
223,2180815,Tuatapere,100,NZ,1666723011,2022-10-25 18:36:51,82,-46.1333,167.6833,46.62,3.76
224,3372760,Praia da Vitória,40,PT,1666723363,2022-10-25 18:42:43,82,38.7333,-27.0667,64.65,13.56
225,4920808,Goshen,100,US,1666723157,2022-10-25 18:39:17,58,41.5823,-85.8344,72.37,12.66
226,6355222,Yulara,0,AU,1666723028,2022-10-25 18:37:08,34,-25.2406,130.9889,67.64,12.8
227,1045114,Inhambane,2,MZ,1666723365,2022-10-25 18:42:45,88,-23.865,35.3833,77.29,14.61
228,6149374,Slave Lake,100,CA,1666723365,2022-10-25 18:42:45,86,55.2834,-114.769,33.78,20.71
229,3372707,Ribeira Grande,40,PT,1666723036,2022-10-25 18:37:16,72,38.5167,-28.7,63.77,11.5
230,2537881,Safi,100,MA,1666723367,2022-10-25 18:42:47,53,32.2994,-9.2372,73.8,5.35
231,2192362,Christchurch,100,NZ,1666723127,2022-10-25 18:38:47,87,-43.5333,172.6333,50.92,4.61
232,4033356,Tiarei,100,PF,1666723368,2022-10-25 18:42:48,85,-17.5333,-149.3333,80.62,22.84
233,2208248,Kaitangata,100,NZ,1666723034,2022-10-25 18:37:14,72,-46.2817,169.8464,44.6,4.76
234,2318123,Yenagoa,100,NG,1666723368,2022-10-25 18:42:48,92,4.9247,6.2642,76.69,3.98
235,2191562,Dunedin,100,NZ,1666723352,2022-10-25 18:42:32,83,-45.8742,170.5036,45.81,3.76
236,3445026,Vila Velha,100,BR,1666723369,2022-10-25 18:42:49,92,-20.3297,-40.2925,76.95,6.91
237,4031637,Lavrentiya,100,RU,1666723370,2022-10-25 18:42:50,78,65.5833,-171.0,26.44,13.51
238,53654,Mogadishu,49,SO,1666723371,2022-10-25 18:42:51,86,2.0371,45.3438,78.73,9.91
239,3838859,Río Gallegos,0,AR,1666723371,2022-10-25 18:42:51,37,-51.6226,-69.2181,53.65,25.32
240,3686142,Coello,45,CO,1666723371,2022-10-25 18:42:51,58,4.2891,-74.8982,86.18,3.96
241,316634,Dinar,0,TR,1666723373,2022-10-25 18:42:53,38,38.065,30.1656,53.56,4.0
242,1106643,Quatre Cocos,10,MU,1666723373,2022-10-25 18:42:53,75,-20.2078,57.7625,73.09,11.12
243,5520076,Del Rio,0,US,1666723374,2022-10-25 18:42:54,30,29.3627,-100.8968,69.91,5.75
244,3388847,São Félix do Xingu,100,BR,1666723376,2022-10-25 18:42:56,90,-6.6447,-51.995,79.16,2.48
245,2729907,Longyearbyen,40,SJ,1666723376,2022-10-25 18:42:56,79,78.2186,15.6401,15.64,4.61
246,5067114,Douglas,0,US,1666723205,2022-10-25 18:40:05,49,41.3,-96.167,55.83,12.66
247,3038350,Aix-les-Bains,0,FR,1666723378,2022-10-25 18:42:58,89,45.6834,5.9224,63.14,4.0
248,1726449,Basco,98,PH,1666723379,2022-10-25 18:42:59,65,20.4487,121.9702,78.39,23.44
249,1608399,Na Wa,100,TH,1666723381,2022-10-25 18:43:01,82,17.4897,104.1006,71.55,4.47
250,74185,Jiblah,21,YE,1666723381,2022-10-25 18:43:01,70,13.9216,44.1467,61.7,3.18
251,1254390,Tiruchchendur,70,IN,1666723382,2022-10-25 18:43:02,75,8.4833,78.1167,81.88,5.44
252,6089245,Norman Wells,100,CA,1666723346,2022-10-25 18:42:26,93,65.282,-126.8329,19.44,2.3
253,1308937,Mogok,12,MM,1666723383,2022-10-25 18:43:03,97,22.9167,96.5,62.2,2.19
254,2016307,Solnechnyy,43,RU,1666723384,2022-10-25 18:43:04,68,50.7214,136.6319,32.05,4.7
255,5506956,Las Vegas,0,US,1666722962,2022-10-25 18:36:02,20,36.175,-115.1372,65.64,6.91
256,6690296,Saint-Joseph,19,RE,1666723210,2022-10-25 18:40:10,79,-21.3667,55.6167,70.18,9.64
257,1623197,Tual,100,ID,1666723331,2022-10-25 18:42:11,73,-5.6667,132.75,82.58,4.09
258,2071860,Esperance,66,AU,1666723386,2022-10-25 18:43:06,80,-33.8667,121.9,57.04,9.69
259,1684803,Tabuk,100,PH,1666723387,2022-10-25 18:43:07,88,17.4189,121.4443,72.18,7.11
260,1819729,Hong Kong,100,HK,1666723242,2022-10-25 18:40:42,74,22.2855,114.1577,74.32,15.99
261,3372964,Lagoa,31,PT,1666723012,2022-10-25 18:36:52,66,39.05,-27.9833,63.43,21.12
262,4031742,Egvekinot,59,RU,1666723364,2022-10-25 18:42:44,88,66.3167,-179.1667,6.4,6.55
263,2312249,Mushie,99,CD,1666723390,2022-10-25 18:43:10,94,-3.0167,16.9,72.19,3.27
264,4031574,Provideniya,96,RU,1666723124,2022-10-25 18:38:44,88,64.3833,-173.3,22.73,12.33
265,1792087,Yinzhu,100,CN,1666723391,2022-10-25 18:43:11,65,35.8786,119.9753,59.63,10.09
266,361058,Alexandria,0,EG,1666723391,2022-10-25 18:43:11,67,31.2156,29.9553,70.34,9.75
267,1504317,Olkhovka,100,RU,1666723392,2022-10-25 18:43:12,98,53.2115,60.6069,33.22,12.08
268,3691954,Sechura,100,PE,1666723393,2022-10-25 18:43:13,55,-5.5569,-80.8222,77.18,13.18
269,3652758,Puerto Baquerizo Moreno,75,EC,1666723394,2022-10-25 18:43:14,64,-0.9,-89.6,72.59,13.8
270,136702,Dehlorān,100,IR,1666723394,2022-10-25 18:43:14,21,32.6941,47.2679,80.71,2.37
271,2448083,Agadez,0,NE,1666723395,2022-10-25 18:43:15,11,19.75,10.25,71.94,8.79
272,236524,Rafai,100,CF,1666723396,2022-10-25 18:43:16,97,4.95,23.9167,68.63,1.72
273,1082243,Ambilobe,19,MG,1666723397,2022-10-25 18:43:17,75,-13.2,49.05,72.93,7.16
274,2094027,Kieta,43,PG,1666723397,2022-10-25 18:43:17,84,-6.2167,155.6333,78.69,1.01
275,2349788,Ankpa,100,NG,1666723398,2022-10-25 18:43:18,91,7.3706,7.6253,74.59,4.47
276,1733874,Beaufort,99,MY,1666723398,2022-10-25 18:43:18,95,5.3473,115.7455,75.13,2.39
277,115770,Shahr-e Kord,0,IR,1666723400,2022-10-25 18:43:20,27,32.3256,50.8644,49.77,4.61
278,2525362,Carbonia,100,IT,1666723400,2022-10-25 18:43:20,37,39.1672,8.5222,71.01,2.77
279,5924351,Clyde River,0,CA,1666723287,2022-10-25 18:41:27,72,70.4692,-68.5914,3.43,11.5
280,1282256,Hithadhoo,92,MV,1666723237,2022-10-25 18:40:37,76,-0.6,73.0833,81.54,12.08
281,5847411,Kahului,20,US,1666723158,2022-10-25 18:39:18,70,20.8947,-156.47,82.98,18.41
282,1489822,Tegul'det,7,RU,1666723017,2022-10-25 18:36:57,72,57.3064,88.1667,30.31,8.63
283,3129371,Arroyo de la Encomienda,20,ES,1666723403,2022-10-25 18:43:23,70,41.6096,-4.7969,63.14,11.5
284,5380420,Pacifica,20,US,1666723403,2022-10-25 18:43:23,79,37.6138,-122.4869,69.91,11.5
285,3468436,Cachoeira do Sul,0,BR,1666723118,2022-10-25 18:38:38,43,-30.0392,-52.8939,79.7,9.15
286,1181073,Chishtian,0,PK,1666723405,2022-10-25 18:43:25,20,29.8,72.8667,77.11,6.35
287,2125693,Evensk,100,RU,1666723405,2022-10-25 18:43:25,87,61.95,159.2333,19.06,8.01
288,2212775,Sabha,0,LY,1666723406,2022-10-25 18:43:26,28,27.0377,14.4283,73.09,9.44
289,1223738,Weligama,100,LK,1666723407,2022-10-25 18:43:27,88,5.9667,80.4167,76.93,4.63
290,567177,Danilovka,0,RU,1666723408,2022-10-25 18:43:28,64,50.3557,44.1168,37.17,2.75
291,1337606,Eydhafushi,100,MV,1666723408,2022-10-25 18:43:28,83,5.1033,73.0708,80.73,10.09
292,1631637,Pemangkat,100,ID,1666723409,2022-10-25 18:43:29,89,1.1667,108.9667,76.93,6.02
293,4033557,Tautira,100,PF,1666723410,2022-10-25 18:43:30,85,-17.7333,-149.15,78.39,24.47
294,777019,Vardø,0,NO,1666723410,2022-10-25 18:43:30,80,70.3705,31.1107,30.18,21.85
295,5917275,Carman,100,CA,1666723395,2022-10-25 18:43:15,69,49.4992,-98.0016,36.52,12.66
296,3430988,Luján,100,AR,1666723203,2022-10-25 18:40:03,45,-34.5703,-59.105,87.13,4.0
297,676304,Hărman,100,RO,1666723411,2022-10-25 18:43:31,87,45.7167,25.6833,60.89,5.99
298,6930743,Vzmorye,62,RU,1666723412,2022-10-25 18:43:32,92,54.6961,20.2361,53.01,8.41
299,2063056,Port Augusta,20,AU,1666723412,2022-10-25 18:43:32,89,-32.5,137.7667,58.5,7.83
300,1792621,Tongling,100,CN,1666723413,2022-10-25 18:43:33,62,30.95,117.7833,60.39,5.82
301,2316748,Bolobo,100,CD,1666723413,2022-10-25 18:43:33,95,-2.1667,16.2333,70.99,2.53
302,3836277,Santa Fe,74,AR,1666723350,2022-10-25 18:42:30,36,-31.6333,-60.7,89.98,11.01
303,3662342,São Gabriel da Cachoeira,40,BR,1666723415,2022-10-25 18:43:35,66,-0.1303,-67.0892,89.4,6.91
304,5962442,Goderich,100,CA,1666723015,2022-10-25 18:36:55,49,43.7501,-81.7165,70.92,8.05
305,5859699,College,40,US,1666723415,2022-10-25 18:43:35,88,64.8569,-147.8028,21.2,9.22
306,2644210,Liverpool,0,GB,1666723148,2022-10-25 18:39:08,84,53.4106,-2.9779,59.14,9.22
307,3416888,Grindavik,0,IS,1666723416,2022-10-25 18:43:36,87,63.8424,-22.4338,46.35,8.05
308,2686469,Örnsköldsvik,100,SE,1666723416,2022-10-25 18:43:36,100,63.2909,18.7153,38.35,4.61
309,4255151,Bud,100,US,1666723186,2022-10-25 18:39:46,69,39.447,-86.1758,71.58,13.78
310,2516797,Hellín,98,ES,1666723417,2022-10-25 18:43:37,36,38.5106,-1.701,69.85,1.34
311,2396646,Oyem,98,GA,1666723418,2022-10-25 18:43:38,97,1.5995,11.5793,69.3,1.88
312,895057,Binga,21,ZW,1666723418,2022-10-25 18:43:38,37,-17.6203,27.3414,83.23,0.74
313,1500764,Lebyazh'ye,100,RU,1666723419,2022-10-25 18:43:39,99,55.2689,66.4947,34.84,3.65
314,1507638,Chunoyar,94,RU,1666723419,2022-10-25 18:43:39,74,57.4467,97.3217,29.08,4.83
315,1734971,Pekan,100,MY,1666723420,2022-10-25 18:43:40,95,3.4836,103.3996,78.96,2.35
316,3175096,Laas,53,IT,1666723421,2022-10-25 18:43:41,90,46.6166,10.7002,54.48,2.53
317,2077895,Alice Springs,2,AU,1666723286,2022-10-25 18:41:26,64,-23.7,133.8833,69.35,5.75
318,2294915,Takoradze,87,GH,1666723422,2022-10-25 18:43:42,87,4.8845,-1.7554,78.24,5.97
319,2159220,Mackay,21,AU,1666723223,2022-10-25 18:40:23,82,-21.15,149.2,70.68,3.13
320,1283095,Mahendranagar,0,NP,1666723422,2022-10-25 18:43:42,67,28.9167,80.3333,63.97,4.92
321,5380437,Pacific Grove,40,US,1666723278,2022-10-25 18:41:18,84,36.6177,-121.9166,66.65,4.61
322,6929460,Panzhihua,88,CN,1666723423,2022-10-25 18:43:43,90,26.5851,101.7128,66.63,1.14
323,6100069,Peace River,100,CA,1666723262,2022-10-25 18:41:02,80,56.2501,-117.286,32.31,4.61
324,172515,Abu Samrah,95,SY,1666723424,2022-10-25 18:43:44,33,35.3029,37.1841,72.57,8.19
325,2126199,Cherskiy,54,RU,1666723026,2022-10-25 18:37:06,92,68.75,161.3,-4.32,6.93
326,2157698,Mildura,100,AU,1666723425,2022-10-25 18:43:45,88,-34.2,142.15,57.16,10.36
327,2109701,Auki,13,SB,1666723426,2022-10-25 18:43:46,86,-8.7676,160.7034,77.52,3.11
328,3405339,Bom Jardim,100,BR,1666723426,2022-10-25 18:43:46,67,-7.7958,-35.5872,79.05,11.68
329,964090,Prieska,100,ZA,1666723427,2022-10-25 18:43:47,9,-29.6641,22.7474,75.33,10.92
330,3581194,San Ignacio,20,BZ,1666723428,2022-10-25 18:43:48,62,17.1561,-89.0714,91.54,4.61
331,336454,Ginir,19,ET,1666723428,2022-10-25 18:43:48,92,7.1333,40.7,57.6,3.36
332,2289983,Dimbokro,100,CI,1666723429,2022-10-25 18:43:49,90,6.6451,-4.7048,76.96,4.85
333,2455456,kimparana,100,ML,1666723430,2022-10-25 18:43:50,22,12.8347,-4.9244,87.84,7.78
334,3424607,Tasiilaq,100,GL,1666723430,2022-10-25 18:43:50,93,65.6145,-37.6368,33.96,2.59
335,1805680,Jingdezhen,99,CN,1666723431,2022-10-25 18:43:51,47,29.2947,117.2079,62.76,4.43
336,1507934,Chervishevo,100,RU,1666723432,2022-10-25 18:43:52,80,56.9464,65.4278,28.56,3.76
337,3516522,Soto la Marina,100,MX,1666723432,2022-10-25 18:43:52,33,23.7667,-98.2167,78.78,12.17
338,3996737,Rodolfo Sánchez Taboada,0,MX,1666723433,2022-10-25 18:43:53,47,31.7167,-116.5667,69.1,5.99
339,3131329,Voss,100,NO,1666723433,2022-10-25 18:43:53,98,60.623,6.4229,50.54,3.56
340,1502862,Kolpashevo,100,RU,1666723434,2022-10-25 18:43:54,68,58.3131,82.9089,31.33,14.16
341,2012956,Yerbogachën,100,RU,1666723254,2022-10-25 18:40:54,83,61.2767,108.0108,28.13,10.4
342,4000490,La Reforma,4,MX,1666723434,2022-10-25 18:43:54,51,25.0833,-108.05,83.86,7.0
343,2013639,Verkhnevilyuysk,84,RU,1666723435,2022-10-25 18:43:55,93,63.4453,120.3167,24.48,7.7
344,3136690,Stokmarknes,0,NO,1666723435,2022-10-25 18:43:55,69,68.5646,14.9108,39.16,9.22
345,3480780,Horqueta,0,PY,1666723436,2022-10-25 18:43:56,30,-23.3428,-57.0597,92.86,6.62
346,790217,Gradsko,11,MK,1666723438,2022-10-25 18:43:58,43,41.5775,21.9428,67.19,1.72
347,7601762,Bairiki Village,75,KI,1666723438,2022-10-25 18:43:58,83,1.3292,172.9752,80.6,5.75
348,3422683,Kangaatsiaq,100,GL,1666723439,2022-10-25 18:43:59,71,68.3065,-53.4641,30.56,17.36
349,493201,Shuyskoye,11,RU,1666723440,2022-10-25 18:44:00,83,59.3736,41.0305,30.4,1.68
350,2156643,Mount Gambier,100,AU,1666723441,2022-10-25 18:44:01,94,-37.8333,140.7667,57.11,6.91
351,3421719,Narsaq,0,GL,1666723441,2022-10-25 18:44:01,71,60.9167,-46.05,30.42,4.63
352,638936,Rovaniemi,100,FI,1666723442,2022-10-25 18:44:02,100,66.5,25.7167,29.61,9.22
353,4033910,Papetoai,100,PF,1666723442,2022-10-25 18:44:02,82,-17.4961,-149.8729,80.19,23.71
354,4021858,Guerrero Negro,0,MX,1666723439,2022-10-25 18:43:59,31,27.9769,-114.0611,75.97,3.11
355,3697083,Eten,89,PE,1666723444,2022-10-25 18:44:04,74,-6.9081,-79.8642,66.47,13.65
356,3470597,Barra Velha,64,BR,1666723445,2022-10-25 18:44:05,67,-26.6322,-48.6847,73.31,7.27
357,3421765,Nanortalik,3,GL,1666723027,2022-10-25 18:37:07,72,60.1432,-45.2371,34.97,4.81
358,3691582,Talara,78,PE,1666723419,2022-10-25 18:43:39,73,-4.5772,-81.2719,68.65,17.74
359,1529484,Kumul,100,CN,1666723158,2022-10-25 18:39:18,38,42.8,93.45,50.99,3.94
360,2209055,Waddān,0,LY,1666723446,2022-10-25 18:44:06,34,29.1614,16.139,73.06,8.99
361,2134814,Sola,20,VU,1666723447,2022-10-25 18:44:07,100,-13.8833,167.55,72.27,0.0
362,2400547,Gamba,85,GA,1666723352,2022-10-25 18:42:32,88,-2.65,10.0,77.36,4.12
363,2181625,Te Anau,100,NZ,1666723448,2022-10-25 18:44:08,88,-45.4167,167.7167,47.8,4.52
364,1293625,Dawei,100,MM,1666723450,2022-10-25 18:44:10,93,14.0833,98.2,75.4,3.24
365,662769,Vârfurile,33,RO,1666723451,2022-10-25 18:44:11,93,46.3167,22.5167,55.36,1.12
366,5554428,Ketchikan,100,US,1666723452,2022-10-25 18:44:12,93,55.3422,-131.6461,43.27,4.61
367,2299349,Konongo,55,GH,1666723453,2022-10-25 18:44:13,97,6.6167,-1.2167,73.62,2.55
368,740263,Samsun Province,0,TR,1666723456,2022-10-25 18:44:16,99,41.25,36.3333,54.99,3.44
369,1511997,Aktash,71,RU,1666723456,2022-10-25 18:44:16,55,50.3,87.7333,12.72,4.05
370,133037,Golpāyegān,100,IR,1666723457,2022-10-25 18:44:17,34,33.4537,50.2884,60.55,3.91
371,5882953,Aklavik,100,CA,1666723030,2022-10-25 18:37:10,85,68.2191,-135.0107,12.2,3.44
372,1065222,Fandriana,100,MG,1666723458,2022-10-25 18:44:18,80,-20.2333,47.3833,63.79,0.94
373,1508811,Bredy,100,RU,1666723458,2022-10-25 18:44:18,100,52.4153,60.3411,33.19,4.79
374,3517970,Pochutla,78,MX,1666723459,2022-10-25 18:44:19,72,15.7432,-96.4661,88.83,8.25
375,1835848,Seoul,0,KR,1666723425,2022-10-25 18:43:45,94,37.5683,126.9778,51.24,3.44
376,2123814,Leningradskiy,81,RU,1666723460,2022-10-25 18:44:20,91,69.3833,178.4167,1.96,4.92
377,2092164,Lorengau,100,PG,1666723461,2022-10-25 18:44:21,71,-2.0226,147.2712,80.96,1.77
378,1272864,Dhārchula,0,IN,1666723461,2022-10-25 18:44:21,44,29.85,80.5333,56.3,7.07
379,3393536,Olinda,40,BR,1666723185,2022-10-25 18:39:45,65,-8.0089,-34.8553,82.13,10.36
380,5392171,San Jose,20,US,1666723462,2022-10-25 18:44:22,55,37.3394,-121.895,71.85,5.75
381,3175788,Oga,95,IT,1666723463,2022-10-25 18:44:23,88,46.4631,10.347,48.81,4.21
382,6316343,Alta Floresta,75,BR,1666723463,2022-10-25 18:44:23,65,-9.8756,-56.0861,84.02,9.22
383,2122614,Okha,21,RU,1666723464,2022-10-25 18:44:24,78,53.5739,142.9478,33.53,8.77
384,2450173,Taoudenni,98,ML,1666723322,2022-10-25 18:42:02,11,22.6783,-3.9836,86.02,11.21
385,3700393,Tubualá,100,PA,1666723465,2022-10-25 18:44:25,77,9.5167,-79.0333,82.67,9.15
386,1488414,Urengoy,100,RU,1666723465,2022-10-25 18:44:25,96,65.9667,78.3667,25.9,13.22
387,69559,Yarim,0,YE,1666723466,2022-10-25 18:44:26,40,14.298,44.3779,57.18,5.17
388,2026708,Bichura,0,RU,1666723466,2022-10-25 18:44:26,60,50.5881,107.6022,24.46,4.59
389,3522526,Nuevo Progreso,79,MX,1666723467,2022-10-25 18:44:27,36,23.1667,-97.95,78.55,22.59
390,3460064,Jatai,0,BR,1666723441,2022-10-25 18:44:01,26,-17.8814,-51.7144,91.71,2.89
391,6111867,Port Hawkesbury,100,CA,1666723468,2022-10-25 18:44:28,99,45.6169,-61.3485,64.78,3.44
392,3465373,Correntina,97,BR,1666723469,2022-10-25 18:44:29,35,-13.3433,-44.6367,87.13,4.81
393,3985710,Cabo San Lucas,7,MX,1666723418,2022-10-25 18:43:38,56,22.8909,-109.9124,87.62,4.74
394,1735106,George Town,20,MY,1666722992,2022-10-25 18:36:32,93,5.4112,100.3354,78.73,1.14
395,1259184,Puri,4,IN,1666723470,2022-10-25 18:44:30,63,19.8,85.85,75.72,2.44
396,2738381,Lata,5,PT,1666723472,2022-10-25 18:44:32,84,40.1629,-8.3327,65.8,5.12
397,1005125,Ermelo,100,ZA,1666723251,2022-10-25 18:40:51,38,-26.5333,29.9833,63.52,3.83
398,3351663,Benguela,89,AO,1666723473,2022-10-25 18:44:33,78,-12.5763,13.4055,77.34,8.03
399,886990,Marondera,72,ZW,1666723474,2022-10-25 18:44:34,61,-18.1853,31.5519,64.63,4.09
400,2021188,Kurumkan,27,RU,1666723474,2022-10-25 18:44:34,69,54.3,110.3,23.4,3.24
401,527321,Mezen',21,RU,1666723475,2022-10-25 18:44:35,94,65.8522,44.24,29.98,6.13
402,1504716,Kanashevo,100,RU,1666723475,2022-10-25 18:44:35,73,55.2169,62.0634,28.56,8.5
403,2330100,Minna,0,NG,1666723476,2022-10-25 18:44:36,83,9.6139,6.5569,82.11,3.44
404,2319257,Wamba,100,NG,1666723477,2022-10-25 18:44:37,71,8.9333,8.6,78.13,0.89
405,1805334,Jinxiang,95,CN,1666723477,2022-10-25 18:44:37,72,27.4327,120.6062,62.08,7.63
406,649919,Kuusankoski,100,FI,1666723478,2022-10-25 18:44:38,97,60.907,26.6244,37.92,12.66
407,115781,Shahr-e Bābak,5,IR,1666723478,2022-10-25 18:44:38,17,30.1165,55.1186,62.87,3.24
408,6137381,Saint-Ambroise,100,CA,1666723479,2022-10-25 18:44:39,68,48.5501,-71.3324,64.94,5.14
409,3531368,Celestún,100,MX,1666723316,2022-10-25 18:41:56,64,20.8667,-90.4,86.59,8.14
410,3466970,Cardoso,0,BR,1666723479,2022-10-25 18:44:39,20,-20.0819,-49.9142,93.31,5.12
411,2189343,Kaeo,49,NZ,1666723480,2022-10-25 18:44:40,82,-35.1,173.7833,61.32,7.23
412,494846,Shepsi,100,RU,1666723480,2022-10-25 18:44:40,67,44.0361,39.1489,58.6,4.45
413,1797117,Rongcheng,100,CN,1666723481,2022-10-25 18:44:41,57,30.634,117.8517,61.18,3.29
414,2140558,Koumac,13,NC,1666723481,2022-10-25 18:44:41,86,-20.5667,164.2833,73.35,2.01
415,5476825,Los Alamos,0,US,1666723482,2022-10-25 18:44:42,39,35.8881,-106.307,50.97,4.0
416,2169113,Deloraine,100,AU,1666723482,2022-10-25 18:44:42,63,-41.5333,146.6667,57.88,1.01
417,2409914,Bonthe,28,SL,1666723483,2022-10-25 18:44:43,82,7.5264,-12.505,79.66,5.95
418,3988265,Sahuaripa,0,MX,1666723484,2022-10-25 18:44:44,34,29.05,-109.2333,77.7,3.33
419,3571592,Rock Sound,73,BS,1666723484,2022-10-25 18:44:44,69,24.9,-76.2,79.38,6.87
420,1816026,Caohe,100,CN,1666723485,2022-10-25 18:44:45,34,30.2297,115.4335,64.56,2.48
421,3359638,Walvis Bay,100,NA,1666723485,2022-10-25 18:44:45,82,-22.9575,14.5053,62.1,8.05
422,1521762,Kurchum,100,KZ,1666723285,2022-10-25 18:41:25,38,48.5722,83.6542,38.23,4.41
423,2122605,Okhotsk,1,RU,1666723486,2022-10-25 18:44:46,66,59.3833,143.3,22.69,11.59
424,1486321,Yar-Sale,96,RU,1666723202,2022-10-25 18:40:02,95,66.8333,70.8333,20.71,10.47
425,2017658,Preobrazheniye,6,RU,1666723487,2022-10-25 18:44:47,72,42.9019,133.9064,41.5,7.27
426,2171722,Charters Towers,53,AU,1666723487,2022-10-25 18:44:47,79,-20.1,146.2667,75.81,5.03
427,1623424,Tondano,100,ID,1666723487,2022-10-25 18:44:47,92,1.3038,124.9112,68.09,0.89
428,1863521,Gōtsuchō,1,JP,1666723488,2022-10-25 18:44:48,70,35.0,132.2167,52.0,5.91
429,5364022,La Palma,0,US,1666723488,2022-10-25 18:44:48,34,33.8464,-118.0467,79.77,4.61
430,2963370,Killarney,100,IE,1666723489,2022-10-25 18:44:49,98,52.05,-9.5167,56.82,6.85
431,4946620,Palmer,75,US,1666723489,2022-10-25 18:44:49,90,42.1584,-72.3287,70.0,6.91
432,1040938,Manjacaze,0,MZ,1666723490,2022-10-25 18:44:50,67,-24.7117,33.8828,78.51,11.83
433,3440777,Rocha,9,UY,1666723491,2022-10-25 18:44:51,56,-34.4833,-54.3333,72.18,11.05
434,3460826,Itamaraju,48,BR,1666723492,2022-10-25 18:44:52,82,-17.0392,-39.5311,77.29,5.39
435,505820,Povenets,61,RU,1666723492,2022-10-25 18:44:52,85,62.8487,34.8262,33.51,6.42
436,6324729,Halifax,100,CA,1666723389,2022-10-25 18:43:09,97,44.6453,-63.5724,68.68,4.61
437,2137773,Vao,100,NC,1666723493,2022-10-25 18:44:53,77,-22.6667,167.4833,72.91,21.39
438,1275572,Bindki,0,IN,1666723494,2022-10-25 18:44:54,42,26.0333,80.6,71.37,0.96
439,305681,Kumluca,0,TR,1666723496,2022-10-25 18:44:56,51,36.3703,30.2869,71.58,6.4
440,5870133,Nome,40,US,1666723496,2022-10-25 18:44:56,74,64.5011,-165.4064,30.27,20.71
441,5312476,Safford,0,US,1666723497,2022-10-25 18:44:57,35,32.834,-109.7076,64.11,3.44
442,6113406,Prince Rupert,100,CA,1666723291,2022-10-25 18:41:31,91,54.3161,-130.3201,44.29,21.85
443,218680,Boende,100,CD,1666723497,2022-10-25 18:44:57,95,-0.2167,20.8667,73.31,2.26
444,2015852,Svetlaya,74,RU,1666723498,2022-10-25 18:44:58,53,46.5389,138.3297,38.75,5.12
445,3402648,Carutapera,73,BR,1666723498,2022-10-25 18:44:58,62,-1.195,-46.02,84.69,9.89
446,1337607,Kudahuvadhoo,43,MV,1666723498,2022-10-25 18:44:58,80,2.6708,72.8944,81.25,11.54
447,487928,Novikovo,100,RU,1666723499,2022-10-25 18:44:59,81,51.1537,37.8879,47.41,5.1
448,1160939,Iranshahr,0,IR,1666723500,2022-10-25 18:45:00,22,27.2025,60.6848,77.34,4.61
449,3445939,Tupanciretã,0,BR,1666723406,2022-10-25 18:43:26,43,-29.0806,-53.8358,79.43,8.63
450,3984997,San Quintín,0,MX,1666723500,2022-10-25 18:45:00,29,30.4833,-115.95,71.37,5.53
451,157107,Kirando,86,TZ,1666723501,2022-10-25 18:45:01,52,-7.4167,30.6,80.42,5.79
452,2236568,Uíge,100,AO,1666723502,2022-10-25 18:45:02,91,-7.6087,15.0613,70.2,2.82
453,1518139,Tobol,100,KZ,1666723503,2022-10-25 18:45:03,95,52.6844,62.5794,34.16,2.93
454,2030065,Mandalgovi,5,MN,1666723503,2022-10-25 18:45:03,64,45.7625,106.2708,21.06,7.54
455,627811,Ivanava,86,BY,1666723504,2022-10-25 18:45:04,96,52.1451,25.5365,52.23,6.67
456,4581833,Hilton Head,20,US,1666723272,2022-10-25 18:41:12,73,32.2163,-80.7526,77.11,5.75
457,448149,Sinjār,70,IQ,1666723505,2022-10-25 18:45:05,22,36.3209,41.8754,67.48,4.27
458,2068110,Kununurra,46,AU,1666723506,2022-10-25 18:45:06,78,-15.7667,128.7333,80.58,0.0
459,2647984,Great Yarmouth,45,GB,1666723507,2022-10-25 18:45:07,89,52.6083,1.7305,59.02,13.06
460,2956093,Angermünde,2,DE,1666723219,2022-10-25 18:40:19,91,53.015,13.9992,56.32,7.29
461,6162949,Terrace,100,CA,1666723478,2022-10-25 18:44:38,87,54.5163,-128.6035,40.91,6.91
462,4588165,Mt. Pleasant,20,US,1666723508,2022-10-25 18:45:08,71,32.7941,-79.8626,79.09,5.75
463,1804442,Lanxi,100,CN,1666723508,2022-10-25 18:45:08,70,29.2195,119.477,58.77,5.23
464,3577430,Road Town,40,VG,1666723509,2022-10-25 18:45:09,74,18.4167,-64.6167,87.84,8.05
465,3385670,Urucará,100,BR,1666723509,2022-10-25 18:45:09,48,-2.5364,-57.76,91.4,2.51
466,3420846,Qaqortoq,0,GL,1666723510,2022-10-25 18:45:10,70,60.7167,-46.0333,31.3,4.88
467,1733432,Kota Kinabalu,20,MY,1666723512,2022-10-25 18:45:12,94,5.9749,116.0724,75.18,3.44
468,3404817,Breves,100,BR,1666723232,2022-10-25 18:40:32,54,-1.6822,-50.4803,89.38,3.27
469,3430708,Mercedes,100,AR,1666723513,2022-10-25 18:45:13,32,-34.6515,-59.4307,87.04,12.03
470,4845585,Westport,100,US,1666723512,2022-10-25 18:45:12,92,41.1415,-73.3579,75.31,14.97
471,3446581,Terra Rica,0,BR,1666723514,2022-10-25 18:45:14,33,-22.7094,-52.6169,87.06,5.14
472,6050416,La Tuque,100,CA,1666723519,2022-10-25 18:45:19,82,47.4334,-72.7824,64.65,8.05
473,4398730,Moberly,0,US,1666723520,2022-10-25 18:45:20,75,39.4184,-92.4382,49.42,17.27
474,3392734,Paulo Afonso,75,BR,1666723521,2022-10-25 18:45:21,26,-9.4061,-38.2147,97.09,8.05
475,1263151,Melur,100,IN,1666723522,2022-10-25 18:45:22,76,10.05,78.3333,78.62,5.41
476,1735634,Kuching,20,MY,1666723522,2022-10-25 18:45:22,94,1.55,110.3333,75.42,2.3
477,2144528,Warrnambool,100,AU,1666723523,2022-10-25 18:45:23,95,-38.3833,142.4833,57.81,6.4
478,5572400,Susanville,100,US,1666723524,2022-10-25 18:45:24,55,40.4163,-120.653,52.81,1.99
479,2127202,Anadyr,100,RU,1666723525,2022-10-25 18:45:25,84,64.75,177.4833,9.1,2.24
480,1630058,Karaton,100,ID,1666723525,2022-10-25 18:45:25,93,-6.3424,106.1045,74.03,9.86
481,128321,Kāzerūn,14,IR,1666723526,2022-10-25 18:45:26,37,29.6195,51.6541,70.97,1.23
482,3372472,Vila Franca do Campo,100,PT,1666723526,2022-10-25 18:45:26,67,37.7167,-25.4333,64.81,10.89
483,4034551,Faanui,98,PF,1666723446,2022-10-25 18:44:06,81,-16.4833,-151.75,79.72,24.74
484,3836669,San Rafael,33,AR,1666723527,2022-10-25 18:45:27,37,-34.6177,-68.3301,79.43,18.3
485,5563397,Eureka,88,US,1666723370,2022-10-25 18:42:50,78,40.8021,-124.1637,54.19,3.0
486,1058381,Morondava,38,MG,1666723528,2022-10-25 18:45:28,77,-20.2833,44.2833,78.1,10.96
487,4004293,Ixtapa,20,MX,1666723529,2022-10-25 18:45:29,65,20.7,-105.2,85.23,7.0
488,1633034,Palu,79,ID,1666723529,2022-10-25 18:45:29,95,-0.8917,119.8707,75.06,2.55
489,3860443,Comodoro Rivadavia,40,AR,1666723284,2022-10-25 18:41:24,44,-45.8667,-67.5,60.66,18.41
490,2318374,Gboko,69,NG,1666723530,2022-10-25 18:45:30,82,7.3179,8.9951,78.42,6.6
491,1633419,Padang,100,ID,1666723287,2022-10-25 18:41:27,92,-0.9492,100.3543,75.58,0.13
492,3897347,Calama,0,CL,1666723471,2022-10-25 18:44:31,9,-22.4667,-68.9333,72.09,23.02
493,145724,Lucapa,100,AO,1666723531,2022-10-25 18:45:31,73,-8.4192,20.7447,71.58,1.63
494,1159362,Torbat-e Jām,33,IR,1666723532,2022-10-25 18:45:32,70,35.244,60.6225,57.45,6.67
495,921786,Mitsamiouli,6,KM,1666723532,2022-10-25 18:45:32,79,-11.3847,43.2844,75.76,12.44
496,3451474,Riachão do Jacuípe,83,BR,1666723533,2022-10-25 18:45:33,66,-11.8069,-39.3856,81.52,11.68
497,2440371,Ouallam,2,NE,1666723535,2022-10-25 18:45:35,17,14.3188,2.0866,92.25,9.1
498,2426370,Umm Hājar,1,TD,1666723535,2022-10-25 18:45:35,16,13.2954,19.6966,85.89,10.65
499,2171069,Colac,100,AU,1666723535,2022-10-25 18:45:35,98,-38.3333,143.5833,57.16,3.94
500,931070,Chikwawa,39,MW,1666723536,2022-10-25 18:45:36,42,-16.0335,34.8009,86.13,0.89
501,4032420,Neiafu,75,TO,1666723537,2022-10-25 18:45:37,68,-18.65,-173.9833,72.28,4.61
502,86049,Jalu,0,LY,1666723538,2022-10-25 18:45:38,39,29.0331,21.5482,74.19,7.14
503,1224061,Wattegama,100,LK,1666723539,2022-10-25 18:45:39,96,6.7989,81.4808,73.18,2.21
504,5742974,North Bend,0,US,1666723541,2022-10-25 18:45:41,93,43.4065,-124.2243,57.16,9.22
505,1213855,Sibolga,100,ID,1666723541,2022-10-25 18:45:41,89,1.7427,98.7792,76.44,3.02
506,2381334,Atar,100,MR,1666723542,2022-10-25 18:45:42,18,20.5169,-13.0499,92.12,11.43
507,2643044,Margate,100,GB,1666723543,2022-10-25 18:45:43,85,51.3813,1.3862,59.31,4.0
508,1268469,Kālānwāli,0,IN,1666723543,2022-10-25 18:45:43,30,29.85,74.95,72.27,4.68
509,2357043,Ouahigouya,6,BF,1666723544,2022-10-25 18:45:44,19,13.5828,-2.4216,90.01,7.45
510,1855342,Nishihara,75,JP,1666723545,2022-10-25 18:45:45,65,26.1842,127.7558,70.88,9.22
511,5044290,Saint Anthony,100,US,1666723546,2022-10-25 18:45:46,68,45.0205,-93.218,47.34,13.8
512,1736458,Kudat,20,MY,1666723459,2022-10-25 18:44:19,89,6.8837,116.8477,78.73,2.3
513,552256,Karpogory,20,RU,1666723546,2022-10-25 18:45:46,96,64.0019,44.4451,29.86,5.03
514,1215502,Banda Aceh,86,ID,1666723548,2022-10-25 18:45:48,82,5.5577,95.3222,79.39,9.31
515,6096551,Pangnirtung,75,CA,1666723456,2022-10-25 18:44:16,63,66.1451,-65.7125,23.0,3.44
516,337405,Gambēla,99,ET,1666723548,2022-10-25 18:45:48,90,8.25,34.5833,73.08,3.51
517,1510689,Baykit,100,RU,1666723450,2022-10-25 18:44:10,82,61.67,96.37,31.62,10.54
518,60019,Eyl,5,SO,1666723549,2022-10-25 18:45:49,76,7.9803,49.8164,79.54,6.04
519,2014718,Tynda,20,RU,1666723550,2022-10-25 18:45:50,87,55.1667,124.7167,13.86,2.91
520,5802636,Mattawa,98,US,1666723551,2022-10-25 18:45:51,46,46.7379,-119.9028,57.02,10.0
521,504187,Puksoozero,98,RU,1666723552,2022-10-25 18:45:52,81,62.5903,40.6066,31.87,3.8
522,3468732,Buritis,42,BR,1666723552,2022-10-25 18:45:52,20,-15.6178,-46.4233,95.52,3.02
523,463229,Zhemtala,12,RU,1666723553,2022-10-25 18:45:53,80,43.2841,43.6559,42.44,1.86
524,5861897,Fairbanks,40,US,1666723533,2022-10-25 18:45:33,89,64.8378,-147.7164,21.22,9.22
525,1067565,Beloha,100,MG,1666723554,2022-10-25 18:45:54,84,-25.1667,45.05,71.78,3.04
526,3386213,Touros,91,BR,1666723555,2022-10-25 18:45:55,70,-5.1989,-35.4608,80.8,14.99
527,1528998,Yumen,0,CN,1666723555,2022-10-25 18:45:55,45,40.2833,97.2,41.29,10.07
528,3994469,Ojinaga,0,MX,1666723556,2022-10-25 18:45:56,24,29.5667,-104.4167,69.57,0.0
529,2477537,Tazmalt,100,DZ,1666723556,2022-10-25 18:45:56,29,36.3868,4.3989,72.32,5.06
530,2120591,Tilichiki,20,RU,1666723557,2022-10-25 18:45:57,85,60.4667,166.1,17.19,2.48
531,240210,Birao,9,CF,1666723557,2022-10-25 18:45:57,35,10.2849,22.7882,77.16,4.68
532,713389,Andrushivka,100,UA,1666723558,2022-10-25 18:45:58,97,50.0229,29.0202,52.0,5.32
533,352628,Maţāy,31,EG,1666723558,2022-10-25 18:45:58,54,28.419,30.7792,72.77,6.82
534,1253237,Verāval,0,IN,1666723559,2022-10-25 18:45:59,68,20.9,70.3667,78.33,8.03
535,549786,Kholm,96,RU,1666723559,2022-10-25 18:45:59,73,59.2667,32.85,34.99,8.01
536,1512101,Agirish,57,RU,1666723560,2022-10-25 18:46:00,92,61.9247,63.0231,27.21,6.29
537,3696183,Iquitos,100,PE,1666723560,2022-10-25 18:46:00,39,-3.7481,-73.2472,96.12,2.28
538,2813040,Weiden,0,DE,1666723562,2022-10-25 18:46:02,87,49.6775,12.1567,51.84,0.0
539,504269,Pudozh,30,RU,1666723562,2022-10-25 18:46:02,88,61.8099,36.5345,30.51,4.29
540,1857260,Mikuni,3,JP,1666723563,2022-10-25 18:46:03,64,36.2171,136.1519,42.71,12.19
541,286621,Salalah,0,OM,1666723565,2022-10-25 18:46:05,57,17.0151,54.0924,78.89,4.61
542,151479,Njombe,94,TZ,1666723566,2022-10-25 18:46:06,66,-9.3333,34.7667,57.87,4.16
543,5699404,Scottsbluff,0,US,1666723334,2022-10-25 18:42:14,36,41.8666,-103.6672,55.63,19.57
544,5856516,‘Āhuimanu,20,US,1666723569,2022-10-25 18:46:09,75,21.4447,-157.8378,81.61,17.27
545,3451138,Rio Grande,0,BR,1666723513,2022-10-25 18:45:13,69,-32.035,-52.0986,77.11,14.99
546,3622323,Pocosol,95,CR,1666723570,2022-10-25 18:46:10,72,10.3667,-84.6167,86.29,1.03
547,1510377,Belyy Yar,0,RU,1666723494,2022-10-25 18:44:54,86,53.6039,91.3903,17.49,0.0
548,3664980,Boa Vista,75,BR,1666723571,2022-10-25 18:46:11,55,2.8197,-60.6733,91.38,5.75
549,1283711,Bāglung,9,NP,1666723572,2022-10-25 18:46:12,81,28.2719,83.5898,58.14,4.16
550,290030,Doha,0,QA,1666723297,2022-10-25 18:41:37,64,25.2867,51.5333,85.89,3.44
551,1529660,Aksu,12,CN,1666723574,2022-10-25 18:46:14,31,41.1231,80.2644,50.95,5.73
552,5955902,Fort Nelson,100,CA,1666723518,2022-10-25 18:45:18,86,58.8053,-122.7002,22.59,4.61
553,2412408,Nioro,100,GM,1666723575,2022-10-25 18:46:15,62,13.35,-15.75,83.25,2.19
554,686090,Asău,100,RO,1666723575,2022-10-25 18:46:15,89,46.4333,26.4,56.32,0.34
555,2145554,Ulladulla,16,AU,1666723440,2022-10-25 18:44:00,81,-35.35,150.4667,60.62,5.5
556,2020738,Litovko,6,RU,1666723576,2022-10-25 18:46:16,76,49.2361,135.1742,32.72,3.78
557,3868626,Valparaíso,20,CL,1666723577,2022-10-25 18:46:17,86,-33.0393,-71.6273,64.04,12.66
558,2140466,Moindou,33,NC,1666723579,2022-10-25 18:46:19,79,-21.6924,165.677,74.35,4.41
559,4035249,Lufilufi,99,WS,1666723580,2022-10-25 18:46:20,75,-13.8745,-171.5986,76.78,17.58
560,2015217,Tokur,100,RU,1666723580,2022-10-25 18:46:20,92,53.1333,132.9,26.24,2.98
561,3348313,Huambo,98,AO,1666723581,2022-10-25 18:46:21,86,-12.7761,15.7392,63.66,5.5
562,2063036,Port Lincoln,86,AU,1666723582,2022-10-25 18:46:22,90,-34.7333,135.8667,56.41,7.74
563,2191911,Dargaville,10,NZ,1666723582,2022-10-25 18:46:22,84,-35.9333,173.8833,56.01,5.14
564,3936456,Lima,100,PE,1666723311,2022-10-25 18:41:51,65,-12.0432,-77.0282,71.91,10.36
565,467479,Yenotayevka,6,RU,1666723584,2022-10-25 18:46:24,74,47.2456,47.0281,43.93,8.03
566,3460197,Jaguaruna,5,BR,1666723585,2022-10-25 18:46:25,63,-28.615,-49.0256,70.61,10.65
567,1252795,Yanam,0,IN,1666723586,2022-10-25 18:46:26,81,16.7333,82.2167,73.96,0.58
568,1636544,Manado,40,ID,1666723587,2022-10-25 18:46:27,100,1.487,124.8455,75.97,2.3
569,5959326,Gananoque,92,CA,1666723588,2022-10-25 18:46:28,74,44.3334,-76.1661,75.47,11.18
570,687191,Zhelyabovka,73,UA,1666723589,2022-10-25 18:46:29,78,45.3988,34.7578,55.08,6.91
571,5478673,Meadow Lake,0,US,1666723589,2022-10-25 18:46:29,30,34.8014,-106.5436,56.7,6.82
